Company Name,Company Size,Job Title,Job Level,Job Type,Platform/Technology,Location,Salary Range,Experience Required,Primary Responsibilities,Tools/Frameworks,Key Skills,Certifications,Requirements,Backend/Frontend,Link
Braintrust, 0-20,Coders - AI Training,Junior,Full-Time,"Python, Java, JavaScript, C++",Remote,N/A,"Fluency in English, Coding Proficiency",Contribute to training AI models with coding evaluations,None,"Coding proficiency, communication skills, flexibility",N/A,"Fluency in English, proficiency in coding languages",Backend,https://www.linkedin.com/jobs/view/4031323827/?eBP=NON_CHARGEABLE_CHANNEL&refId=BwtUMTen0GAhJCvM0%2BXtFw%3D%3D&trackingId=GTLNyJs7TVXPHoDQbhIEAA%3D%3D&trk=flagship3_search_srp_jobs
Xcede,51-200,AI/ML Engineer,Intermediate,Full-Time,"AI, ML, Microsoft, OpenAI, Azure",On-site,£500 daily - £650 daily,Solid experience with AI lifecycle and Azure environment,Develop and implement core AI systems and strategies for client’s Microsoft/OpenAI Co-Pilot project,None,"Problem-solving, innovation, Azure deployment knowledge",N/A,"Experience in AI, ML, and Azure environment, proficiency in AI methodologies",Backend,https://www.linkedin.com/jobs/view/4061596031/?eBP=NON_CHARGEABLE_CHANNEL&refId=BwtUMTen0GAhJCvM0%2BXtFw%3D%3D&trackingId=F7C479y1K23muZ64yw7V3g%3D%3D&trk=flagship3_search_srp_jobs
Snap Inc.,5001-10000,Law Enforcement Response Specialist,Entry Level,Full-Time,None,On-site,N/A,Experience with law enforcement collaboration,"Review and process law enforcement requests for user data, improve workflows",None,"Attention to detail, communication, prioritization, collaboration",N/A,"Bachelor's degree or equivalent, fluency in French, German, Arabic, or Nordic languages preferred",Other,https://www.linkedin.com/jobs/view/4061584238/?eBP=NON_CHARGEABLE_CHANNEL&refId=BwtUMTen0GAhJCvM0%2BXtFw%3D%3D&trackingId=ZJps%2B2CgxO1ivL9hhyzFrg%3D%3D&trk=flagship3_search_srp_jobs
Cowlabs, 2-10,Full Stack Engineer,Intermediate,Full-Time,"TypeScript, Node, React, NextJS, React Native",Remote,N/A,Experience in building production-ready applications,Build and deploy features on mobile and web platforms,"TypeScript, React, NextJS, React Native, Expo, Vercel","User experience focus, adaptability, independence",N/A,"Coding skills, startup experience preferred",Full Stack,https://www.linkedin.com/jobs/view/4060399015/?eBP=NON_CHARGEABLE_CHANNEL&refId=BwtUMTen0GAhJCvM0%2BXtFw%3D%3D&trackingId=WjYqIyHZVzukLGvPsrU%2Btg%3D%3D&trk=flagship3_search_srp_jobs
Thrive, 51-200,AI Research and Integration Specialist,Intermediate,Full-Time,"AI, LLMs, Machine Learning",Remote,N/A,Experience in AI technologies and EdTech,"Research, evaluate, and integrate AI into products",None,"Technical expertise in AI, business acumen, communication skills",N/A,"Computer Science degree or equivalent experience, AI and LLMs experience",Other (AI Specialist),https://www.linkedin.com/jobs/view/4060396461/?eBP=NON_CHARGEABLE_CHANNEL&refId=BwtUMTen0GAhJCvM0%2BXtFw%3D%3D&trackingId=CfqDDrOrOH9WOZh2GYrjLg%3D%3D&trk=flagship3_search_srp_jobs
hackajob, 51-200,Python Developer,Intermediate,Full-Time,"Python, Java",Hybrid,N/A,"Experience in enterprise design, preferably in investment banking",Develop solutions for regulatory reporting and enhance QA tools,"Quartz, Oracle Exadata, Elasticsearch, Tableau","Problem-solving, test-driven development, REST API knowledge",N/A,"Experienced in Python, RDBMS, event-driven tech like MQSeries",Backend,https://www.linkedin.com/jobs/view/4061574855/?eBP=NON_CHARGEABLE_CHANNEL&refId=BwtUMTen0GAhJCvM0%2BXtFw%3D%3D&trackingId=FBekHX5Bt40WlUwSVF%2BKsA%3D%3D&trk=flagship3_search_srp_jobs
Helsing, 201-500,Software Engineer Intern,Junior,Full-Time,"Rust, Python",Hybrid,N/A,Pursuing Bachelor's or Master's in Computer Science or related fields,"Work on software development, code reviews, and participate in mentoring sessions","Terraform, Grafana, Prometheus, Nix","Collaboration, initiative, critical thinking",N/A,"Experience in Rust, Python, or C++",Other (Internship in Defence AI),https://www.linkedin.com/jobs/view/4060391636/?eBP=NON_CHARGEABLE_CHANNEL&refId=BwtUMTen0GAhJCvM0%2BXtFw%3D%3D&trackingId=1dEiYGS128Kft17q0w%2FLBA%3D%3D&trk=flagship3_search_srp_jobs
Jooble, 201-500,Data Analyst,Entry Level,Full-Time,"Excel, SQL, Power BI, Python",Hybrid,N/A,"Numerate and analytical thinking for data analysis, interpretation, and reporting","Create dashboards, analyze trends, and provide business insights","Power BI, SQL","Analytical thinking, problem-solving, communication skills",N/A,"Fluency in English, commitment to a 10-week training program",Other (Data Analysis Role),https://www.linkedin.com/jobs/view/4061574447/?eBP=NON_CHARGEABLE_CHANNEL&refId=BwtUMTen0GAhJCvM0%2BXtFw%3D%3D&trackingId=Ww%2FIEyqpmrWDKEbUikqFNQ%3D%3D&trk=flagship3_search_srp_jobs
Braintrust, 11-50,Backend Software Engineer,Intermediate,Full-Time,"AI, GPT, Claude",Remote,N/A,Experience with LLMs and AI applications,Build AI agents to improve case throughput and client engagement,None,"Proactivity, strong communication, adaptability to ambiguity",N/A,"Professional experience with LLMs, self-motivated",Backend,https://www.linkedin.com/jobs/view/4060371871/?eBP=NON_CHARGEABLE_CHANNEL&refId=BwtUMTen0GAhJCvM0%2BXtFw%3D%3D&trackingId=oCCxSRgcoMD52y31XZvJ4Q%3D%3D&trk=flagship3_search_srp_jobs
Dataiku," 1,001-5,000",Data Scientist,Intermediate,Full-Time,"Python, SQL, ML tools",Hybrid,N/A,"2+ years of experience with Python and SQL, ML models, and data visualization","Co-develop data science projects, support customers with platform use, develop custom plugins","Dataiku, Python, SQL, ML tools","Curiosity, communication, client-facing experience",N/A,Experience in consulting and customer-facing data science roles preferred,Other (Data Science and Client-Facing Role),https://www.linkedin.com/jobs/view/4061300336/?eBP=NON_CHARGEABLE_CHANNEL&refId=BwtUMTen0GAhJCvM0%2BXtFw%3D%3D&trackingId=IAy98daMIQXCEQwPmtUU7Q%3D%3D&trk=flagship3_search_srp_jobs
Voyager Portal, 11-50,Implementation Consultant,Intermediate,Full-Time,"SQL, Voyager Portal",Hybrid,N/A,"Experience with Project Management, Customer Onboarding, or Software Implementation in B2B SaaS","Understand and implement solutions for customer requirements, collaborate with teams, manage queries/dashboards","SQL, Voyager Platform","Communication, adaptability, client interaction",N/A,Experience in commodities/trading/logistics or supply chain preferred,Other (Customer Onboarding and Implementation Role),https://www.linkedin.com/jobs/view/4061092931/?eBP=NON_CHARGEABLE_CHANNEL&refId=BwtUMTen0GAhJCvM0%2BXtFw%3D%3D&trackingId=ig70D0QtDDJkkxYtom9LlA%3D%3D&trk=flagship3_search_srp_jobs
Enfield IT Hub Limited, 2-10,Provisioning Engineer,Intermediate,Full-Time,"Microsoft 365, Meraki WiFi",On-site,"£30,000 - £35,000",Experience in IT Support,Engage with customers to understand and implement configurations and manage onboarding/provisioning,"Windows, M365, Azure Active Directory","Networking, customer service, troubleshooting","MS-900, AZ-900, PL-900, ITIL 4 Foundation","Networking knowledge, experience with Windows support, valid UK driving license",Other (IT Support and Provisioning Role),https://www.linkedin.com/jobs/view/4061549579/?eBP=NON_CHARGEABLE_CHANNEL&refId=BwtUMTen0GAhJCvM0%2BXtFw%3D%3D&trackingId=WDU90vaERZl2Q%2Fcbjtc7tQ%3D%3D&trk=flagship3_search_srp_jobs
Canonical," 1,001-5,000",Marketing Data Analyst,Intermediate,Full-Time,"Python, SQL, Looker Studio",Remote,N/A,"Background in data science, statistics, or engineering",Utilise data analytics to drive product adoption and market insights,"Looker Studio, Tableau, Apache Superset","Data analysis, data visualization, collaboration",N/A,"Strong data analytics and visualization skills, advanced statistics knowledge, coding experience in Python, SQL",Other (Marketing Data Analytics Role),https://www.linkedin.com/jobs/view/4061545519/?eBP=NON_CHARGEABLE_CHANNEL&refId=BwtUMTen0GAhJCvM0%2BXtFw%3D%3D&trackingId=%2FcH36hh%2BtIwktExfkLwAdQ%3D%3D&trk=flagship3_search_srp_jobs
Langley James HR & IT Recruitment, 11-50,IT Support Specialist,Intermediate,Full-Time,"Windows, Active Directory, MS 365, Endpoint Manager",On-site,£36K-£40K,3rd line support experience with multiple sites/clients,"Resolve escalated IT issues, perform preventative maintenance, and oversee infrastructure improvements","Active Directory, Entra ID, WSUS, InTune, Teams, Ring Central","Customer service, problem-solving, technical troubleshooting",ITIL,"Networking skills, experience with desktop OS, ability to handle complex incidents",Other (IT Support Role),https://www.linkedin.com/jobs/view/4060353972/?eBP=NON_CHARGEABLE_CHANNEL&refId=BwtUMTen0GAhJCvM0%2BXtFw%3D%3D&trackingId=0cpDVGw9e6KUvbugs6zhdA%3D%3D&trk=flagship3_search_srp_jobs
Feefo, 51-200,Solutions Consultant,Entry-Level,Full-Time,"APIs, Webhooks, JavaScript, HTML, CSS",Hybrid (London Area),N/A,N/A,"Support Sales and Customer Success initiatives, conduct client demos, and facilitate technical discussions","MS Office, APIs, Webhooks","Communication, problem-solving, collaboration",N/A,"Understanding of SaaS and customer experience platforms, ability to engage with technical/non-technical stakeholders",Other (Client Solutions and Pre-Sales),https://www.linkedin.com/jobs/view/4061525541/?eBP=NON_CHARGEABLE_CHANNEL&refId=BwtUMTen0GAhJCvM0%2BXtFw%3D%3D&trackingId=c2kErfdg6mQfIT%2F2XUU1%2FQ%3D%3D&trk=flagship3_search_srp_jobs
Rightmove," 501-1,000",QA Engineer,Intermediate,Full-Time,"Java, JavaScript, TypeScript",Hybrid (London),N/A,N/A,"Ensure quality through test coverage, refine requirements, review designs for accessibility","Postman, REST Assured, New Relic","Problem-solving, collaboration, adaptability",N/A,"Experience with Java applications, microservices, API testing, agile environment",Other (Quality Assurance),https://www.linkedin.com/jobs/view/4061528106/?eBP=NON_CHARGEABLE_CHANNEL&refId=BwtUMTen0GAhJCvM0%2BXtFw%3D%3D&trackingId=0zT3t0gwHnK5KZ3xehRrzA%3D%3D&trk=flagship3_search_srp_jobs
G2i Inc., 11-50,Software Engineer for Training AI Data,Intermediate,Contract,"Python, Golang",Remote,Varies by location,3+ years,"Train AI models by evaluating code, solving coding problems, and writing test cases",N/A,"Attention to detail, technical writing, communication",N/A,"Proficiency in Golang, fluency in English, 3+ years software engineering experience",Other (AI training and coding evaluation),https://www.linkedin.com/jobs/view/4060351472/?eBP=NON_CHARGEABLE_CHANNEL&refId=BwtUMTen0GAhJCvM0%2BXtFw%3D%3D&trackingId=C%2B5o7m8NO%2Fe88NXtakzDNQ%3D%3D&trk=flagship3_search_srp_jobs
Normal Computing, 11-50,Digital Design Engineer,Intermediate,Full-Time,"Verilog, SystemVerilog, C, C++","London, Hybrid",N/A,N/A,Develop and implement digital components for thermodynamic computing architectures,"Cadence, Xilinx Vivado, FPGA tools","Communication skills, interdisciplinary teamwork, Verilog, FPGA tools",N/A,"Experience in Verilog/SystemVerilog, C/C++, scripting languages (Python, Perl, TCL), timing closure, FPGA tools",Other (Digital Design for thermodynamic computing),https://www.linkedin.com/jobs/view/4046564713/?eBP=NON_CHARGEABLE_CHANNEL&refId=BwtUMTen0GAhJCvM0%2BXtFw%3D%3D&trackingId=%2FwHciYByPpqzv73g3JRiRQ%3D%3D&trk=flagship3_search_srp_jobs
AiAutomateUK Ltd, 0-1,PLC Programmer,Intermediate,Contract,"Allen-Bradley, ClearSCADA","London, On-site",N/A,N/A,"Develop, install, and maintain PLC systems; participate in commissioning processes","Allen-Bradley PLC systems, ClearSCADA","Problem-solving, team collaboration, communication, cyber-physical systems",PLC programming or industrial automation (preferred),"Experience in PLC programming, installation, and maintenance; digital twin technology knowledge",Other (Industrial Automation),https://www.linkedin.com/jobs/view/4061518671/?eBP=NON_CHARGEABLE_CHANNEL&refId=BwtUMTen0GAhJCvM0%2BXtFw%3D%3D&trackingId=YXhThKEaYAUserCsUTtQcQ%3D%3D&trk=flagship3_search_srp_jobs
Client Server, 51-200,Quantitative Developer,Intermediate,Full-Time,"C#, SQL, .Net","St Albans, Hybrid",£50K - £65K,N/A,Develop and maintain applications to improve trading performance and facilitate trades in sports betting,"C#, SQL","Mathematics, sports knowledge, quantitative finance interest",N/A,"2.1 or above in mathematical discipline, familiarity with quantitative finance concepts",Other (Quantitative Finance),Quantitative Developer C# - Sports Betting | Client Server | LinkedIn
Canonical," 1,001-5,000",Web Frontend Engineer,Intermediate,Full-Time,"JS, CSS, React, Flutter",Remote,N/A,N/A,Develop high-quality web and front-end software; collaborate with a globally distributed team; technical leadership and code quality,"React, Typescript, Flutter","Web development, accessibility, performance, Linux",N/A,"Exceptional academic track record, knowledge in web technologies, fluency in Typescript, React, or Flutter, experience with Linux",Frontend,https://www.linkedin.com/jobs/view/3736304808/?eBP=NON_CHARGEABLE_CHANNEL&refId=BwtUMTen0GAhJCvM0%2BXtFw%3D%3D&trackingId=uKzORCtNvjrHuUulkeREFA%3D%3D&trk=flagship3_search_srp_jobs
Bank of England," 1,001-5,000",Cyber Security Engineer,Intermediate,Full-Time,"Cyber Security, M365, Azure AD, Cloud Security",Hybrid (London or Leeds),£44.8K - £50.4K,Operational experience in Cyber Security engineering,"Maintain and improve security tools, processes, and assist in technical risk management","Proxy technologies, CASB, Vulnerability management tools","Communication skills, technical risk management, team collaboration","CISSP, CCNA, Security+, ITIL v3","Knowledge in network structures, protocols, security toolsets integration",Backend (Focus on cybersecurity infrastructure and tools),https://www.linkedin.com/jobs/view/4057610898/?eBP=CwEAAAGS1GiPThoRsbvJz2JfJQ4Cy0T6C3kU--FH8BnLIydvCigQ8Q8Nl_gQmPfbXtLtkLeBCrAMu9c0RLtIU2OqUt2_crJOpWHwJ8px1iI6fcHp5Hb5IqMWEZpSTqq3KjntYCx8P85L6QKw2CRw3-SU1ALJELaOIFCtC5jhTluC-j6slgrqIs2OcdV5-shLewzrFzrJIraVbhvLOwMXQb7DW7V2KKvZq7QNACgQVYoaETAUjxJsPArpVE5I9eplWMmjQaPzTWi7OtYnS6-ELVA_BBL_FEtqv15qYnQC8XQ5_MAezsTEPsEZyMsO4ihEbLpGsZ-7QkZKQIPIu1UZSIYe2lMvFkP9f0VPLWx3TlQHx-uymrNADTEFgYIabd9WNObPAqBurJ4Nu3fmkAWFyzCSHRhloxSOGmLkNRIq5v5f8yG4ACP4gm-1eNh6LdxWK9eMnXkjKyYf4Ye4bFIIg9BTKcBNMNCm0ThC2DE&refId=vNhDwbj8El0qVm%2FekjKOZw%3D%3D&trackingId=n%2BKtERgpLnZEnFFyze90AA%3D%3D&trk=flagship3_search_srp_jobs
Fresha, 201-500,Systems Administrator (HubSpot),Intermediate,Full-Time,"HubSpot, Twilio, Gong","On-site (London, UK)",N/A,Experience with HubSpot CRM administration,"Manage and optimize HubSpot, Twilio, and Gong, and develop automation workflows","HubSpot, Twilio, Gong","CRM best practices, data management, communication",HubSpot certification preferred,Experience in CRM administration and process automation,Other (CRM Systems Administration),https://www.linkedin.com/jobs/view/4040981494/?eBP=CwEAAAGS1GiPT4o018BTJ5GDyLlEBS-KtK6T5drnhh449hwvwX8STKaAGmbP-2j--n842PwSLdgNEkIueCP02WK7ZY1_h8Cg-jF04Zl0vfZZPYoaMJ1l6nTBbYOxr0Q1zhEA9yoGaqJJEjiEzu_QyRr1kFCkxBgFCrxBpXRyaC9eIiBqU2dMOuN9V-Ywyp9OtfZGUD7DWmym1-g4R4Tmnt2CyKASjGhcLAwLSF_hPW_yDaIgSxDFUoBGxtBAoUziVoJxJ7Vk9P5XwEJXN0dkvrn6QcmMpvNh23t37RP76BfjzYheN_RadnVM0RFCakfuf5pp9LlCcZMyzRXDIPlRnIBD83VJLaXnYqnFJUaWoGNkn3ueCRiYRXC6hHMAALpqwmncbyedmlureinHCNEBz1-xaKxHHIHtOHKLvOPpG2YI7wJraQyEBLI5do4k0GN88Tw-vYdE1kr0evd7zxS58yZoLjAHdUUpTXGwPVA&refId=vNhDwbj8El0qVm%2FekjKOZw%3D%3D&trackingId=%2BFGwBH0n3yzEVKb1E2w1hw%3D%3D&trk=flagship3_search_srp_jobs
Tewke, 11-50,Flutter Software Developer,Intermediate,Full-Time,"Flutter, Dart","On-site (London, UK)",N/A,2+ years as Flutter developer,Developing mobile applications for iOS and Android using Flutter,"Flutter, Git","API integration, Git, problem-solving",N/A,"Experience with iOS/Android development, proficiency in Dart and Flutter, experience with Git",Mobile,https://www.linkedin.com/jobs/view/4056938105/?eBP=CwEAAAGS1GiPTyvmDx2Wkl2veOhG93X649anJMoSyvIBiJJJiRNxkzr9kp_3AdgPWggPeLKqOBIy2hAvwNqDP_BatLZzqB-jCsfWm0M380uInWVPGt7e9bbELXehv2ntS2lkzl1V8eUIbSv1Ff8Vxd7biiMsL424yB8kMJyY6p-rqwd7ynkH8OETNf9dRNfqWUWiyHrC16V9KgaSwu8AORoAjRGne_a2hyfm6G7FnwxWbUDWzLHb1hyV-NHz9Y2l0qMzyledHUeyyRku9xpB-1bolgpr1I7Dwy6yCMc5ud5ZCEDoMYq97jc9uK5b8gZe3YPKsWxiFcp-sKOOJI09vP_PPqc3DwcqHzaXTvDtBIaf7cjnGAHAwTDCJN0bqy7PkvL0nL3Ng_RqBxOX7a2luUc1jw3tQT2IE4Y2CdKAWs7MXh9MMVIAcPbqMF2_YJk7otqDyF5mhzVEVMRZqQdk9mhY&refId=vNhDwbj8El0qVm%2FekjKOZw%3D%3D&trackingId=pulPQfdO45i%2Fr%2Fdk%2BJ7Wkg%3D%3D&trk=flagship3_search_srp_jobs
Robert Walters," 1,001-5,000",Full Stack Engineer,VP Level,Full-Time,"Java, React, Cloud","3 days in office, London",£100K/yr - £120K/yr,"Experience in Java and React.JS, cloud deployment (Docker, Kubernetes)",Design and develop E2E on front and back-end systems,"Docker, Kubernetes, SQL","Communication, stakeholder management",N/A,"Full stack software development, relational databases, cloud deployment",Backend and Frontend,https://www.linkedin.com/jobs/view/4057619527/?eBP=CwEAAAGS1GiPTz2w3UMv6Nq3-KPBBaHFTIcXuz0upH50pjlrCGh70z80Imh5P3Cd-fo819Jn-wBhanNmPEeLNuEmDzYFO4ebmPqd8SWn_cDQ99HMrORnoxzvjIARIgN_81Ig8H53UTUMxlr8OlX-xjbtMjkcwmapxKjVLDzLid-YUWbOoqUfJobWrhSV_p3xorKMR-sed6tIHnyjfDGJxHuEMyRBCfj75New_kYvM9ztqGa9gg9f4GwUW5n8X0u7vCb-eUcJDwR9Eg4EEfMAPxP-TgDrfxWDUDim5_RgWgsBHbJUIfwNNn2YZspbu7KSNOy0R1GtlXRLRpHXs-RjRfOMXHdCK9AMw8yXywktYacR_3CEw5YXVuTghYedFZszsEQ1lWoJG54nAzi0ZWntgVd-SGQ0OpgHD-6wt7M0rHWSzLn2OA-083sAokyVkkoj_vKZ83OEGIgJIGW-WnZh57nj_9iVHwoJLl4w&refId=vNhDwbj8El0qVm%2FekjKOZw%3D%3D&trackingId=L2ZriGF%2FCm6%2BAnxodn%2BNZA%3D%3D&trk=flagship3_search_srp_jobs
Cutover, 51-200,Information Security Analyst,N/A,Contract,N/A,London or Remote UK,"£35,000 - £45,000 annually (pro rata)","1 year in governance, risk, and compliance",Assist in maintaining and advancing governance and compliance initiatives,"ISO 27001, SOC 2 Type 2","Risk analysis, compliance, collaboration",N/A,"Understanding of ISO 27001:2022 standards, client questionnaires, policy documentation","Other - Information Security, Governance and Compliance",https://www.linkedin.com/jobs/view/4054985817/?eBP=CwEAAAGS1GiPT22rpIKK_5kCmr-Ekp2jELbu7HTELCbAeMzQiXG10KGqlK7dMHtMpMmLrcGywoI5ZYJwAhxU_wVcgTMH0a6rZood4DR2gXM-Sl2lz_4KtX8VCxXJreNsNIJDWrGaiT9y3lvwE_S4jFimiAJjGXGLxJzGAq32rqmevawqh0_UgruCxIHi8QIeRXt4Lbe5W21qTBxmq6u4eHFtDDhaUFEJfN1nz9UYe36WVVgkZ70HIOigSQWuHHjrWCHDm9CXJoNRoyCiTG09qjA4fxMkbcr4zhbw2WLqdn911ANpiVBfiBKL_4gzD0N268XYdEmcmeTfUOEbpmOqUhUaRC64xmeHo3dK13d_bSFHM-DduPFzgYkh5lCRXQy_XO6SlOQpeKkLq-vhjSni5boUBAugU7hEU4ACIXHsdAUR73X9i-ozR-wGIvWliPrU9R6fh-URcZ0GEniBgNVRWdxTEx7szcf9SdaisX4e6w&refId=vNhDwbj8El0qVm%2FekjKOZw%3D%3D&trackingId=89rS08QxJiGxluTYjv6kxQ%3D%3D&trk=flagship3_search_srp_jobs
Understanding Recruitment, 51-200,Graduate Software Engineer,N/A,Full-Time,Java,London (Hybrid),£50K/yr - £55K/yr,Up to 1 year,Contribute to the development of a world-leading FX trading platform,N/A,"Financial sector interest, teamwork, software engineering basics",N/A,"Computer Science degree from a top Russell Group University, interest in trading",Other - Graduate role with core development focus on Java,https://www.linkedin.com/jobs/view/4055930026/?eBP=CwEAAAGS1GiPT1Yy8MQzhWaGOEI5snQc64CfWKH5LcE8I-CXTOLqOKMvozzw9K3JSeZ5LTd3XEi4V6d5pqpu9Yg3QVn7JwyT7NRzsZKOUCSLbdaps8NpwDM1AiLUA9NGDpfhhsURQQUYRmETqOVJbKSymzSKJwZto86cYyumTQHxS32MHLYtPjn9DTSDmcqKuyfQzhaPtnzFHf0wHvQ5Fe3nVu03GVvO2khyUh65IkzZZ8VvqpXNN2CuL2XTQEInv21ifAGxB4JudVQNLfy-UtrlMiH2HVQbD1F47_gRJkgE_Jtad8177Ug8fIdtSvRlEn6OBC19bdckijjbAudDYkNWIeBcouzV5wN3DeMVJs8uPUv6u-INr1KIPVs--h9-FzV_91I8kr76_I6fsrLcxmPR23Dctz5shf9HpjIbBqG_es5Gn-MpJxN9xRxq7Lccu7D4XIixdYcmlEd428EsAJ3e2wi-1eTY9NPjUWiO&refId=vNhDwbj8El0qVm%2FekjKOZw%3D%3D&trackingId=3ItDhUpou%2BeiGpIDQp6QXg%3D%3D&trk=flagship3_search_srp_jobs
Zywave," 501-1,000",Developer,N/A,Full-Time,".NET, Azure","On-site, London",N/A,2-3 years developing .NET applications,Develop and unit test software within the WCL product suite,".NET Framework, C#, VB.Net, AJAX, JavaScript, MS SQL","Communication, teamwork, project management",ISO 27001,"Experience with .NET, Web services, Azure applications",Other - Full-stack development with a focus on .NET technologies,https://www.linkedin.com/jobs/view/4056952202/?eBP=CwEAAAGS1GiPT0avLVGRqtNkfEhIcaSvDd_MtsaDvA7Z54e681XzHy4GC3QqAmg275_nsG4YC9c5BxinBsT5HEr8ksR9hIwCoyPMXnl6I69_6wKlVddRCWe4it4-soYliSxittIuE-PDKyOeo_M82WezcyKXlWPXDsjW8B1E6_1k_JOuCXoJVCkhz4kGftHm-Z7sZC6bwp8dwOlUhNpj4CgaqaaVMTsUTjrriIP3daIbl843Y-wNuwLNydPlfDj5wStmd9Xq7WN4jJJGdG8RdibtCRK7UuTbmtzPwAzxB18ZwrS2hFJZDLDllZ7ahneRBX4i0clYElzG6cp39GVoevc0-kJiCthj9Z6sxwlDY7Ab6yzNtvgvbwLH4GYJjKYmjNRTNP90_oqo8oaiTltTeXSead3qiTyogc8_PyN7cQtqA1cdHeasL4KvwgpEgiPR4ialQF4_4Ct23wrggA0mVKyFXW1t0QgDy6dOykiZGA&refId=vNhDwbj8El0qVm%2FekjKOZw%3D%3D&trackingId=euv2XX%2BFBVxqgIClwaxFGQ%3D%3D&trk=flagship3_search_srp_jobs
Birdeye," 1,001-5,000",Solutions Engineer,N/A,Full-Time,"SaaS, API, Salesforce",London (Hybrid: 3 days in office/2 days WFH),N/A,Partner with Sales Team to propose solutions using Birdeye platform,"HTML, JavaScript, CSS, Salesforce, Microsoft Office","Communication, solution selling, relationship-building",N/A,"Experience in SaaS solution selling, API knowledge, sales support",Other - Solutions Engineering focused on technical sales support and customer onboarding,,https://www.linkedin.com/jobs/view/4058103681/?eBP=CwEAAAGS1GiPT9IhCEI-oYzPMDFh5hQmTLEAEePu3NG1yqMzaa1GlnmPPCA4J2GmEXRA9QK9i6xImtVD_osyzipzLrZVbQkGjg0H1w8Hb5Ja8Ynx75eCK7ncAmEs9y1ibo3lsZKo31a1go9wnyiIgeYJKHAMZbmSLoJdrTZ1ugN_oite6u5qHSEm6bHCj5ktlO6OoOzcCavVF0pb7s9D1-klM6ptowMOuaEnqGdMlHwuzlQt0nKgTaQD2TtsZ_6TECynBKDPsI9uQINpsfZoNJaxcPBuqijR3YjoPJjJnj6qC8VXbqASJ8WdUDlj4u8B29_yxNj_U-OaelsYO6oQ7I5MX7irh3_TT5pRTycpXrEVZxnj9UYq8-dvg29oCxL3R-yMoHGkiqGQhSY50Eq_ILi6r3e818sZ78FuLG_l2r1Fq2xrH4kjDNKfwPsRCf67j3uCcx8w1yiZu9yudc9RbPDEk6Dw66VX5gsGVfcbkg&refId=vNhDwbj8El0qVm%2FekjKOZw%3D%3D&trackingId=IBsOrmusFmLMTcQ%2Fjgdw5w%3D%3D&trk=flagship3_search_srp_jobs
Autodesk," 10,001+",Software Engineer Intern,N/A,Full-Time,"Machine Learning, Python",London (Hybrid),N/A,Train and evaluate transformer models on geometric data,"PyTorch, TensorFlow, AWS","Programming, communication, teamwork",N/A,"Pursuing MS/PhD in relevant field, experience in geometry processing, ML and DL platforms",,Other - Research in machine learning for geometric reasoning,
Finatal, 51-200,Boomi Expert / Developer,N/A,Contract,"Boomi, ServiceNow, Dynamics, Snowflake",London (Hybrid),N/A,Build and optimize data pipelines for data integrity and ERP data migrations,"Boomi, Snowflake, ETL processes, ERP","Migration, problem-solving, data integration",N/A,"Experience in Boomi, data pipeline setup, data quality assurance",,Other - Data integration and pipeline development for SaaS,https://www.linkedin.com/jobs/view/4059097852/?eBP=CwEAAAGS1GiUYsavxS9nOVjS7T7J_24uUp0Ds8qg7OP_dXJoogg2mZIZWYLIuoVtII2ufZikuNQYkWBrNqwgu8Mka6l9RG9K4A0b0b6ZoIrRyf9ZsqPqAibEXmSNyGhyFe_tBBkVvXAsTzl8MJMMV13P7x0JnasrHekwl9DA-HvysY8o4MFPQSp5dgufnICDK627rgR3wttWUWdQCmAKpip_YO8Uxv1oI_5TuqppI2Ldh7O6dFch3r_9ZY8_iCZejAIs9Y64lFIS8AsjjohwCiIDQU894BTuHMyyWIs7kNyBGkZR6Undr0T4FfnOQEXRoizW9UMcT_1LpElqsvljyEZbP-HmxW_7ztc2z-Kab-XSAsXBBWM8aCdx26YPtX8t23OMwqtq-d8PRYdJ04l8-ETPuN4I7zCzw1mkaypLn4XPWtjz-EdvhH9F4NEHTzLKkvnVGFuqKtIyXVp7wDZpl17b1pO8Dx7RKzR_5fc&refId=MY6Tt9NrScg4ZSiaMkbiKA%3D%3D&trackingId=ppHcf3XD3Ux44SfwBm9SSA%3D%3D&trk=flagship3_search_srp_jobs
Cadence Design Systems," 10,001+",Software Engineer,N/A,Full-Time,"JavaScript, NodeJS, Angular, MongoDB","Harrow, England (Hybrid: 3 days office)",N/A,Develop and maintain a web application for data centre digital twins,"MongoDB, Angular, NodeJS, Docker, AWS","Team collaboration, problem-solving, Agile",N/A,"Scientific-oriented degree, experience in Object-Oriented or Functional Programming, familiarity with web technologies",,Other - Full-stack software development for web application,https://www.linkedin.com/jobs/view/4057784724/?eBP=CwEAAAGS1GiUYtxh5kAs6Sb-QyWLOCVrHnuNq6OdmREwj6eW7So3FLIl1pssUM0sg7cHm_BSARosWJofQqKOkPs4ki6XWby-4uteRvtOR1QxCs2m79S50Px3_SOahiBiByld7v9GGv-W8jyPSsUHNkBs0w4PD-hFmfkDbYRkJ0LpL8loE62mAeAMDhNAGBvoYdQ3_Qhnq1r61d-MDeSEXFJ9M3PHHFvlU89K14GnYjGDTyesmG0o4trlk8_RaZe-HChXmQRdSsFlZv_58rVXOH4zzEtntPuJnucxAzEdngvFaewJ_R9EHhYZGGZ4wxlyIrrjLvIQ5AgGSBlLwcpRpb--ldj_7zVm-21038x4MVDO1JfLTxyqlp-4kcricULh532emuMN5soHkMEiZOl3WhiYpXVQRvdTJYVeD7xVEmQNitbaCQtMNjIjWVO-Lu7GCfMrUpWE0cW_jYhNYeWDnqAdgvCPOIPINS2g&refId=MY6Tt9NrScg4ZSiaMkbiKA%3D%3D&trackingId=b33oqUkzoMysA7WvmX2Kug%3D%3D&trk=flagship3_search_srp_jobs
Trimble Maps, 201-500,Software Support Engineer,Intermediate,Full-Time,"Java, C++","London, UK (Hybrid)",N/A,1-2 years,Troubleshoot complex technical issues for clients across regions,".NET, XML/REST/SOAP","Communication, flexibility, troubleshooting, adaptability",N/A,"BSc in Computer Science or equivalent, fluent in English and German, understanding of hosted web services, practical support experience",Backend,https://www.linkedin.com/jobs/view/4048698122/?eBP=CwEAAAGS1GiUYhPj4_p2wScBAC_Gv7M4tvGAo0LwXpQ9AsOlVgPmuK6VaE2Uf1Qa0kHKPwez5N9V4okneG-wca-XjrOiSMdyfIH5V5k6mbTZsA1YcZrCQ_Zx4y7Gr_QeRQpF_Q-kBAD1zFlBAWFb8KQ0R44DpMEKTElbAexdEw17NVDONLnQW_GyhgANC5pRMnkInUuJexvshkMGOfYs1sSvxs7sB9Ocbdf0bidlSuOJ4RIlva0dAcx1cEnkI32S7FJCsmQBuwy0HWvVPmjIiHF22j-AqZVz6jYafrXDIn8XY8h5zvfcJfiLP2Z_qCR_sXniGR4aSZLcBbz2l5-cLSRjNHuEFNZmRTL5wNfSLoD5KOXBdCI0CHV3U1XYlJfBR4bMBtKRpueLJ8pNFsLR_uZnoCsxIGXWpHfaagUykzfbEPvrW_lgDobYFba8FMOICqDm0ULjeuc_B_aE08PLj4QnR_h62rLuueDB&refId=MY6Tt9NrScg4ZSiaMkbiKA%3D%3D&trackingId=wi1kftKl2JwCeTzSMyvRhQ%3D%3D&trk=flagship3_search_srp_jobs
Bewley Design, 2-10,Graduate Java Developer,Graduate,Full-Time,Java,"London, UK (Hybrid)",£50-55k,Up to 1 year,Contribute to the development of an FX trading platform,N/A,"Interest in financial sector, problem-solving, team collaboration",N/A,Computer Science degree from a top Russel Group University,Backend,https://www.linkedin.com/jobs/view/4056646899/?eBP=CwEAAAGS1GiUY7JXQ0kulzovTUGswrCLdvckzXfx6K6V9q0I7xjYCfMHshmnakzR9TBxu3yy8aU0UlPuzGdbQ-BWgvB_h78X7fscCUA42OPNG6FGuiEvGXtobELhpISWyNaaQr61xbkNj-BLhm5Sanq-EWK0QzuOuuoHerEulYCOiXvSBGIbZQRNa6JTorxQK24_qBdah4KI_Vcw_IK-jdweWUpAAGBGPWthu-m_4mrSrjFL4Air6_fe7pGSHKQij_PnitCbQ951M1dA0dD7fJ0tFs8oXYEKzfNIHEHHWLlKaQ7mICMOG5D9cc2nYmilf4gMqcQggwOqu6fjZ10f6NiLevfe1b8YTXy5mwWvE1uZ5Jpl7Yv57cFpyx0sIAjYeECB7uMJj61GrjilHbPqV4ZVcfwC9aa3_oDdowpyh0sk&refId=MY6Tt9NrScg4ZSiaMkbiKA%3D%3D&trackingId=NLQ29rn7fn6VY%2FqNHpziZg%3D%3D&trk=flagship3_search_srp_jobs
Snap Inc.," 5,001-10,000",Law Enforcement Response Specialist,Entry Level,Full-Time,N/A,"London, UK (On-site 4+ days/week)",N/A,N/A,"Review, index, and process legal requests from law enforcement",N/A,"Attention to detail, communication, prioritization, collaboration, willingness to travel",N/A,"Bachelor’s degree or equivalent experience, previous experience with law enforcement requests, fluency in French, German, Arabic, or Nordic languages",Other (Law Enforcement and Data Handling),https://www.linkedin.com/jobs/view/4061584238/?eBP=CwEAAAGS1GiUY55Het0ATTcUVXX4B1ioFK6lxXVl4jx6KohtbX0-Cn-OK3YA6tjf9IbaWQDwigcRe85BOrkBAAEi9lR1na38G6KQovdfqgSB3THA0Ur_GSqrfpKcEcGjcxjFbA3MZ_vkP_Kc1N-iJM0FSfhRUF_0Al6MvuoqCKc3e7u1RmBl0jDMt6eaABwHksXq5nx43pTvdPFpW2qgo_WHUvp_g0v4jd3JltpFZng7uxc2ruv_SLOx1RQHw5z-U5CUXB-xOJm2BnctSaoVwCB5kZfnBAdNx_zR-Eax_WbU5oLAtWF8lQ_GXJ2eWOZ7d5W17j5lvBe02Zd2uXhewcDNFgM_hWKUdLmHnZSO1JmN1jl-03_rto30iijqSh8m4LyioJMSkcZYnybDAm3kjHYzDMajYMJlhOQlaIoj253645nVTrbfMCB1km4ek2qYB3kUBSin2NPoZZjdpZH7Amos6yr6cwmj3UvL&refId=MY6Tt9NrScg4ZSiaMkbiKA%3D%3D&trackingId=Qk8QBQlwltRZk5CnI7vf3A%3D%3D&trk=flagship3_search_srp_jobs
SHI International Corp.," 5,001-10,000",Software Engineer,Intermediate,Full-Time,"C#/.NET, MS SQL Server",Remote,N/A,2+ years,"Design, develop, test, and deploy high-quality C# applications within project deadlines","RESTful APIs, Angular, AWS, Git, Jira, Jenkins","Problem-solving, organization, communication, multitasking",N/A,"Bachelor’s degree in Computer Science or equivalent, strong software design knowledge, familiarity with Agile and CI/CD",Backend,https://www.linkedin.com/jobs/view/4058462544/?eBP=CwEAAAGS1GiUY9yDIGL8xqkxrM30t6QLgIqcg5RnSo20yWcjDC_l80coRauhYGXuYFXX0w5T6n45u7emwNQZNKBnZY_n-eGyg4Srw8OYxtOfavqYukBdL1jUq-zv85VA-8qvWDTlAChJcVbUq9VsmZ5VtzK71eU1k_4ZNqTBRdQ2nb111RmmXVdw9T7iI8FWbg1SY-faNEIKN3zOR-eFinVIB8CTOQEVCJ11_lGBVz8EiibBRK2QvBXIc9L6HDOtwhzpu_Jha-zAKngZI8BlX-2k57_ECp_xLaeIZ4-IPTcV4A899fOOoplmO5fM-bvMMFTc5HQwU49wyVxnJqKWL_YDUJ4H_F4nXtA3-zHelU3G_lG5mAg9e68WpWE0xDTlZ8FrvZRh0QnCzioths29-F9GpFbLPo7ulKMc-LDdlnIIEzP4r5k_mYNCCTK6fM5_tdoZzuPhepjOdn21cn_u4SSHNJprS9x5Qg77A4o&refId=MY6Tt9NrScg4ZSiaMkbiKA%3D%3D&trackingId=ts2EntS99fd05A61c5XJdQ%3D%3D&trk=flagship3_search_srp_jobs
The Boothby Group, 11-50,Graduate Software Engineer,Graduate,Full-Time,C++,"London, UK (Hybrid)",N/A,N/A,Develop code in C++ for hardware platforms and signal/image processing applications,N/A,"Problem-solving, team collaboration, strong mathematical skills",N/A,"Degree in STEM, outstanding A Levels in Mathematics & Physics",Backend,https://www.linkedin.com/jobs/view/4056649441/?eBP=CwEAAAGS1HEGxXfJfkGhNt20-HOaSCQZ9_8q4NQU_4tmZrPNOIhX9ZYb4jZ679xq0NBxRxt-XhBWgzLcqVt8VZTkyoTO0D_VKdUt0w4LJSIj9PccaD4sN3xht6BJrERoUh4hlbPd7QF9x6XGCR0DoX42mSPRp1fYZWejG4k3Dv5vXuT-2VBq-wgJdHhCOwqrUhraufDw3Xk4GkAICqlJhU3KQ13-JKd7snMbUkqkloOEQ_ts6PLmGd5ZXF5QBmBLVrnWPnabvZ7hzFaQLiRlpALi6W0cAAcHZA9vjsVmgagwBpK_100rztV_OedrLOFp7ER6l1RelyiyCwK_lDocIBxEuOAu3IIlbX-tVFs3Us7Zm5od-rP-Jo03hzwX-mP_RHOzFuIOoVEeOEkOMfbLi6J9czUqZi8CcoQkF_Oi8hxwhNdcvJS-IYaOBfuMsTUghho_XQRaqOpSISsgur3Q&refId=wNJHt86MNaZ440NPJlmV4w%3D%3D&trackingId=fzF521V%2Fql%2BNp5mBh3ieTw%3D%3D&trk=flagship3_search_srp_jobs
Helsing, 201-500,Software Engineer Intern,Entry Level,Full-Time,"Rust, Python","London, UK (Hybrid)",N/A,Pursuing Bachelor’s or Master’s degree,"Work on real-world problems, participate in code reviews and tech talks","Terraform, Grafana, Prometheus, Nix","Problem-solving, collaboration, initiative",N/A,"Currently pursuing a degree in CS or related field, programming experience in Rust, Python, or C++",Backend,https://www.linkedin.com/jobs/view/4060391636/?eBP=CwEAAAGS1HEGxeUwU7b6ltvlHCODegUwwmDFJn02Qv8P5EsnwHK64KahdhychBlqQOmA0P9BS0SCEl_hi2veTWYDPwZ-xmLC83zR86bYFP0DocRxUlqnZWsNiZ0Ce7IMDTPxWnVT_CgpP5H987uAno3C2iGfjTVuXUQRbDvlCAstfC0Lm2pgxuf_iNP5O2A9RVtjaF9vLw0itZsBeD3j5gdvwvlpTxdqVp6WgUmLUwSDWb5Z69d3_jphE6dZW4gHUJa9Jc9k-iKdNL-tdecjyszO2nwXuXsObEExyD8_73JtXZDYHp0kmO7Rn72-VTz6mmbvl0DXVDvx2NQkSG1R3OIHJ1PFq3NHTX_rkAWkC1ljzloZo3cuOgeaMKeJhJhFsSe-1xvR1evM1auKkgJtK02hJuu5-AiFk7Jj5g3sMwUccdANNUGEjr96ngTw0BgiZ03KjvQGBJj-bBOqt8-W2LSvSJGG6Ig7z2xC5fh0OR0IdXTumA&refId=wNJHt86MNaZ440NPJlmV4w%3D%3D&trackingId=bhxl5TVTksTDVkTWIp3JKw%3D%3D&trk=flagship3_search_srp_jobs
Spectrum IT Recruitment, 11-50,Software Developer,Intermediate,Full-Time,"C#/.NET, SQL Server","City of London, UK",£60K-£80K,2+ years,Develop high-quality software within a niche trading industry team,"React, Angular, .NET Core, WPF","Attention to detail, communication skills, problem-solving",N/A,"BSc in Computer Science from a top university, strong A Levels in CS, Math & Physics",Backend,https://www.linkedin.com/jobs/view/4058206778/?eBP=CwEAAAGS1HEGxfSR-3uDvSvHh7GebN5f4ORLqbNBnAssDj49U8Rl38n_-rKqjCuI3imAcMDlzq-V5NQI_BeuIdNNO3M5474aDzh_HV7_k3gsXc_ohNqHrHv-fY1uNA14N-7_iSmvEuTKdquQW7oBXRlN0tID6Xq8ZX121LwYu6AeUez5Ep_DEwRovlpIo0GE0Jn0nc7uhxxYNAET3PLLvd4jRnpqLGhpbDWIJ7JECu0atsMmQYayb8tKudmo-n0EqTpBQvGJrmudHOD53ONJIQVRxhtMRF7gQavQcKj_P8xx0MLgOAZEKTl5xuny_-GN3WxsRNpHw8J-Cnff2yXKL2pVMH2H-qqVGqZcNDRB9fc283P_hzt3ZTgIX6KGXQHjaDRjLcTzlRuUfzox5dRW8a26fak-G2ahm1AAgS3B9u2CC3Nyiv6_b6hXa3jVUE5_0ZQzLdHPBPwcezyb0j3j9xkRvGTSVXFJgOGL9Q&refId=wNJHt86MNaZ440NPJlmV4w%3D%3D&trackingId=ofmzXyyfIFlPCUtNU%2BKi6w%3D%3D&trk=flagship3_search_srp_jobs
Australian Investors Association, 2-10,Java Engineer,Assistant Vice President,Temporary,Java,"London, UK (Hybrid)",Competitive,N/A,"Design, develop, and test a multi-component system in Kubernetes","Docker, Kubernetes, Bitbucket, Jira, Artifactory, Jenkins","Problem-solving, strong math, algorithms knowledge",N/A,"Core Java knowledge, SQL query experience, knowledge of Docker and Kubernetes",Backend,https://www.linkedin.com/jobs/view/4059527108/?eBP=CwEAAAGS1HEGxZ6W0TkgU8QjZsYZzEPEU-_nzApt9GMVSVeb8_X4FG0Ak5JYXMHBmZln5B8UpBU5qfEkJN6a4B5d3RanjCpH1J3tj43jiQdI3jb4vFalHM4ec0rv2Ri3M_B_TGAnFYWX7Pg3rI612-scIIlf-iFUGPCL2AGtGm4vZmybJqTx5O9T0va2XKUcJlT0MSIOm5Eh3lbl72bmcKgTcrZnUOiuQa7wKY-IyIvQoRpb2YWbRoMwASTEGCFIENPKSHmMkprapYNi6N1wQEVuLLXFVT_a-mkKzL4ZUMylUiLUiKMEo9TCMH92SnPExiqvfEH-9gj9zfCe4mj-7k7HwFKcHXUm_PegFDBtyAuj6yo2uiplD2OCa7jM5jMtchvi4EuC3cw98oH3sVOrnyh79v-GoaaydQ1L1PJRI_ljn3ljnlMNMskcvwRIZT7BNv6xki89Cmraj-VIQuVWXg8&refId=wNJHt86MNaZ440NPJlmV4w%3D%3D&trackingId=5HNUhnEJkmXYuWSBmGXyuA%3D%3D&trk=flagship3_search_srp_jobs
Informatica," 5,001-10,000",Software Engineer,Intermediate,Full-Time,"Java, Graph DBs, GraphQL, Kubernetes",Remote,N/A,1-2 years,"Develop features for CDAM within IDMC, ensure security and privacy controls","REST, gRPC, Typescript, AWS, Kubernetes","Problem-solving, software security, collaboration",N/A,"BS in CS or related field, server-side development experience, proficiency in Java",Backend,https://www.linkedin.com/jobs/view/4037508250/?eBP=CwEAAAGS1HEGxsL79-3xxA0wuwWMhIVrM_12CLmKryZqZ0tPf45lopfyI80wnJUcpIkYW6huYGnSFJ8EzMQV9H-BvzVmHAq0EV5aWZr7zphDvibc3t2vsaQRf-tTfWaudrRFrhmyWphaA9szqssAcO-OOr3X9rGXbXRsZlXgTzvsdoHKH0rJWQuCogao3UHnaD5kNJfhgQvqc1UUIREFuQLE7q_Y9YlkxtxeJZ4iPyhAJFItAKqdfkXgyqL00VGCC67sO4PlXi90Fd5p61IwWUbJOVETojjeOyUqFpmFC8rs4Azy9zlRAUdWbimqvbrizDq2zyoPvLO5uBScpF9uGch3n_QGSQ7Xb2IMQFz9oK3GC0UVqo7EXEf1q36l8gU188WBqweHI13DEKCJZvPvBqfFq7n7VYPWvcktWAkBWLWE9RhjDUTcbCyBLgiyRG7AsINNHJ_2Q33e148xhNDMxF9JpnMArEH9Z-vK38yNCPVA&refId=wNJHt86MNaZ440NPJlmV4w%3D%3D&trackingId=KGc6qcWG2wdHOpLuGhC4lA%3D%3D&trk=flagship3_search_srp_jobs
Sigma Software Group," 1,001-5,000",Threat Validation Engineer,Intermediate,Full-Time,"HTML, CSS, JavaScript, Python",Remote,N/A,"Intermediate proficiency in HTML/CSS, basic scripting knowledge","Analyze and evaluate cyber threats, monitor incidents, report findings","SQL, NoSQL, TCP/IP, DNS, VPNs","Problem-solving, communication, adaptability",N/A,"Experience in data analysis, basic scripting, familiarity with networking concepts",Other (Cybersecurity Threat Validation),https://www.linkedin.com/jobs/view/4056107565/?eBP=NOT_ELIGIBLE_FOR_CHARGING&refId=wNJHt86MNaZ440NPJlmV4w%3D%3D&trackingId=56ejGJnSoGmnnbMC%2F%2BzzEw%3D%3D&trk=flagship3_search_srp_jobs
autone, 11-50,Junior Frontend Engineer,Junior,Full-Time,"TypeScript, React","London, UK (On-site)",N/A,1-2 years,"Build and maintain modular, performant React components",Redux,"Problem-solving, design-focused, teamwork",N/A,"2:1 degree in STEM or equivalent experience, experience in early-stage startup preferred",Frontend,https://www.linkedin.com/jobs/view/4056648543/?eBP=CwEAAAGS1HEGxslntQ-_4Yz-TugdfWBDP1IKzRgcAA2B-nT286VWpLue686BE-bYHObQ33NDSIxB0vMiYl5ljyVY75j5PdEFn870UVBqE3AFQGk6DLKLQIc5ofo9SIgVcq-Yw3UWXRcsJ5RbvcK6z9bRv-dC2-kj-pkI3Y_gtSfTagY7oQxcvHpeaOtRfDtiytrfvVUCuark-6S8ZqNiGrSZB3eiwm1rO8e0TPvdjw_gOLRtB53g0atbTdD32tTZb8MVSMqL39Ie8Ea8Qt1v1-e9aUR171j4kDIYsYlQ1BEcwMs2k2epM0mQxIyN8fgLHWLu_aFB1oGSE8dRwuUia07E0SH24C4wy4_erkY6guqXKSVccd1vWC5j6DwO3myqq-Q61RMpDNiSekswJQ7uW6h1JrYH_gYOfkJVdZgRUFBGUeFEwKZD2NcZTaEpp_2qucrtFU5usFQNl0ih3Q-U4ZM&refId=wNJHt86MNaZ440NPJlmV4w%3D%3D&trackingId=BqxxN3wgLYf0dphfeGQeJQ%3D%3D&trk=flagship3_search_srp_jobs
Smartsheet," 1,001-5,000",Software Engineer,Intermediate,Full-Time,"Golang, Java, C, Node.js, HTML, CSS, JavaScript, React.js",Remote,N/A,N/A,"Contribute to the entire development life cycle, from concept to release","React.js, AWS, Docker, Linux, Microservice Architecture","Problem-solving, Team collaboration, Continuous learning",N/A,BSc. or MSc. in Computer Science or equivalent industry experience,"Backend, Frontend",https://www.linkedin.com/jobs/view/4009822751/?eBP=CwEAAAGS1zl-MmTsTbagFZnC4rk0vW3oRcPL3HjssYHoclj7HDa69hA74PRoBx2FLITMrQbqSKaIE6YRDo65G3e4jg0TrF0w7_fWqQY9kjy85ivnJZBv725Fto5pjNdXZ0m0LLL1yGOVxwx-EP1jm6m-DkRDwM7bxfI_HL4gAjM_dZPiI5R0UOhFUdh2VYSdxeGi2clITvuYLEXYgeJIBjYWuF4n8qkehmchemKHsSKMc6t3pHu2D45CE25opr4YuAPvRmfAA_D7bXqjyDcbQVaom6fzoRkMPo0znbkvM9Uq_3Z_gTP0hmcr4Mmsr1uUoKaXz0QU9VnuZuADrTKCRzAQGzqcaWdcZ1YqWFdqRLIrootYaxpl9CJTzj4SruIPXxhd59KaZ2ICgCup-LE9H_7jE-WQOWr-kgevURBPZg_A7t2eKn4dL8SDZDoKQAq9IAZsza9deAQmwqQjWO2DOeXAFZs8c12yj-FHRxa7zHptcOu5gEhB3ooDtsWtvAXXkLA5EhulVFsTsPs&refId=5JvNbUdgzQaVUb7KBGZ9vw%3D%3D&trackingId=u56sDkpw%2FxRxazb8I%2BSwPQ%3D%3D&trk=flagship3_search_srp_jobs
Oho Group Ltd, 11-50,Software Engineer,Junior,Full-Time,"Python, JavaScript, React, Vue, CSS",Hybrid,"Up to £45,000",N/A,Develop website platforms and influence cross-functional product decisions,"React, GitHub","Problem-solving, Enthusiasm, Ambition",N/A,2:1 or 1st in Bachelors of Computer Science or Software Engineering Degree,"Backend, Frontend",https://www.linkedin.com/jobs/view/4046172370/?eBP=CwEAAAGS1zl-Mi1k0QkL9DuvrMLccdNW6FD-fdH_yPTOj5xN6ePK43f8avwvM7t1m6NbD5WK8T3Y5JQY2o_-D4l1WlOXuJ8UIUe_F5xtKrUT-rjcZkZ_ZUsMJOcMtd05jCaNQFWHRlMdjYBeKJdX-3ip8ZsszhbHHRwHS1iRSRAfmM--WxNKU8snvrbQCcPprGAfEhTBNvr-Rd21U5zdwko63lyTloshgKa8c2MAl4nXqSN8bDOO5_KS5hAGFDtbaCGHI9B2pQAAjTTCbmiTewQOk4W-g1mTW9yc2xLo8bpRLm1AsSfhUoIOacUsfQtsCA_Oj3l-p1YCDGmQvcpYh5MuUe9F-zRE0-BHDnJZ8ZN7N5L-6zZPudpF6wFYAYfQrv1DZjbwejdwnKDtBfpBoXaCbi5-sXYerbxn4RbCP9wjQm-CIWhjmMxX9-EqvSfJAdCSttmiEz3JOzSMnTGbA6ADmMsxx6eyg3JKLQQ8LfpZdVRk3XzTvsH1cmVbTQPrNuT3Jdng4SFes20&refId=5JvNbUdgzQaVUb7KBGZ9vw%3D%3D&trackingId=Yh1uws%2BTuX32rA6Mj3t1sw%3D%3D&trk=flagship3_search_srp_jobs
Braintrust, 11-50,Coders - AI Training,Intermediate,Full-Time,"Swift, Python, Java, Go, Verilog, JavaScript, C++, C#",Remote,N/A,N/A,Contribute to the development of new AI models using coding skills,"AI models, Code evaluation","Problem-solving, Communication",N/A,Bachelor's and/or Master's degree in Computer Science or equivalent,"Backend, Frontend",https://www.linkedin.com/jobs/view/4047109907/?eBP=CwEAAAGS1zl-Mlk3-uzxXWdtV2c3Pey7Yjj0rn2c4bQdUe6Fd3Jq3HR3gg-I8gpK97b1Elim66vaBzGdF2wQJMpyaXUxS059HyDWPLmPdvVdQ-qbSNLeZOr7BF-yftwW77WNcENzsIKp0Uy9nEKLPH6KS9hWy1B1NZ-ac_6yXtIXU2JPQZtowkHgnLPnK8W6DY0BOZhCzSPSEzg9jnww1xEYAULj1eM7shWf0q0Iw5nFwGVnhZzM91TUGbOn0WcaddR9EdMT-dFqxG3tIXdnDerG7fxmEDCQhP1sfvoF0P5Gd4pGVKCdU1OtiYXnurNyJNL2b_TLPrQUoEmguG-u50yGu1xiBITCbxSwJx68ZRxPZOOFyhVdFIDtspPkxdYv7Wgkg-69jd1G4Ig1wik_Yo2jGVvYmAxHd2fCIWW7qLxuFnR-bQgBT6lvdsIE0hbEBYOiXX5UT1_6gaI7U91PvsTrzfgRsE38ocFdbthg802aVgNrwIJlsJACL_-CHK_D7Ij_i9VVrfUE3oY&refId=5JvNbUdgzQaVUb7KBGZ9vw%3D%3D&trackingId=q8GrR2UBY9L9HVp7DY%2B1cQ%3D%3D&trk=flagship3_search_srp_jobs
Bewley Design, 2-10,Junior Java Developer,Junior,Full-Time,"Java, Spring Boot, Microservices, AWS",Hybrid,"£40,000 - £60,000",1-3 years,Develop REST and SOAP web services and contribute to testing and configuration processes,"Spring Boot, Docker, Kubernetes, Maven, Gradle","Problem-solving, Collaboration",N/A,BSc in Computer Science from a Russell Group University,Backend,https://www.linkedin.com/jobs/view/4056650304/?eBP=CwEAAAGS1zl-Mt1MfmzNIAck6mgKVVJPUBEhP1LJkZq77ipz4LRsu7IoYaguAxZNIHx3Hx000Da9CWUWEeMFxNLdSK10zY8bwhkJvbTuTrzKK9b_S5nioK6UqL5pfhR_3mtZ_0vdM3zanzRkIoECsggYApMk9ntdkDHGSPyLdyXdHwM0V8Wo4R2BHW9sphjJTRkZ77xZFEt5-bhyliVuM7GXdhqKr-L20D5zHlKX78Doh23EGlfedihnqznnQscZunSpwkbXI7y-wqFrj3vgCq4o3BJ7K0wK3GlzK3q3WnAbV6FMf87ulA_GGmwISuisXghdK_foe0oMvuP0a7hsodj4R-cqx_KyI-N5RHOwdOVuSozWevS4n4JC68a3vg3CGMQqSg913vScumym90csUbEGPmPx8h1B8_xh_3wGX3NRBI3novNrKpnTZRpcOijTJoP9MAx-A-sY8npJ8ZVxeQ&refId=5JvNbUdgzQaVUb7KBGZ9vw%3D%3D&trackingId=dtEDj6ARlgkrg%2F7qWKkIwg%3D%3D&trk=flagship3_search_srp_jobs
DV Trading LLC, 201-500,Software Developer (DV Energy),Intermediate,Full-Time,"Python, C++, Java",On-site,N/A,Expected to graduate by 2024-2025,Build and improve proprietary trading tools for trading desks,"Python, C++, Java, Linux","Analytical skills, Problem-solving, Communication",N/A,BSc in Computer Science or related field,Backend,https://www.linkedin.com/jobs/view/4056658570/?eBP=CwEAAAGS1zmCKZcTLWENuvlvdMRz1unRM_TRxv-cHWBcjaMrUyFQAYF1TMskIitrW183eHIbx2ih5XbMhcrCe1Ld_vHF47mCyemYk49xRkOLYMGGvaubYVJUU0PKrr22gQZPB4_bFpH_TgcQf__tsGJXF9h4dNRcmNvMYnsePy6SWRHQOpdDX1RChPS6lXOO5HPQNhsfWkkq0T_KrMoj69PE_ZB1KTt0yOeQU2zRRhTpae_kvWlmBdXdHNQJZiABnKSyEIfKRcgm9ogWfRpA7nWNppkGo7sVj0eRIPrtwHpfKGZEfHolJ1O8CLG5jPU2xfOv-asYNzAOqD4dCDYbPlwenchZoOuSeov5RQK2CTKyrclk62x2Q5ZFP47EKzm962Dvl3m8PVCzKSzwdrq1UiHFJyw-dzvKRhv9T7Z178zxut_vd1S2UgMYMHyqruLz0pfkJaowU3K7KbdNmpsTIw&refId=fgAdnpCuWNk0xifsu6j2Eg%3D%3D&trackingId=nhVcBMCcOb%2F5NivpO%2F9MlA%3D%3D&trk=flagship3_search_srp_jobs
Hydrogen Group, 201-500,Software Development Engineer - ACI Payment Systems Base24,Intermediate,Contract,"ACI Payment Systems, HP Nonstop, Enscribe",On-site,£600 per day,N/A,Develop and test multiple application components for clients,"ACI Payment Systems, Enscribe","Analytical skills, Communication, Leadership",N/A,Extensive experience with ACI Payment Systems Base24,Backend,https://www.linkedin.com/jobs/view/4059796055/?eBP=CwEAAAGS1zmCKWdLVWTZfJkLSlIRSNRevio4dBT-6G7v2JTHOJCwIoMek1VInRC1G67i7Lg-1D1gUolw1YYiolUxt4DYmBfky9xRgZ9z7osUcYxUq5z-NR0bzX4EP7jRGWPAX7vYL1eud3He0pr-PZsrb1t5Dd1XYKaBitRI0ig9DcEOnB-18z1RuZxG8A9g4oSibbGx0i13twk4TgnWcoQ7_e58Qq2dl6nA6OKGEmX3OK0e3F2Z2zX_6_3sevPI4gDt87NRomXq7HsnTohYwC4lR3j0mWVeGOcK9u0tbPR-ubWbEnrbD-l6ASpUvoXK_U0AKfIzlsLNguo9CZwYMHBcd1udYAjjBOUBAiwrdZi_Sq1TZIo4noytMTTcJeeNi7DxI_q2Dt1DnGRMRz3EsrN1XHzkhLsyoXmXSXaGBEdr6e9Jtsa1GhYGw65lpYwTSfQ5RIf9L8q7l6dERGUIWZ05Vs74PwoCCZq16bV-ziYTcQe86K-M0VyaW3neB4AjgInFVUXQn2hsG1g&refId=fgAdnpCuWNk0xifsu6j2Eg%3D%3D&trackingId=gmvodt%2FsO3iSI4HvZ11VXw%3D%3D&trk=flagship3_search_srp_jobs
STAND 8 Technology Services, 201-500,Site Reliability Engineer,Intermediate,Full-Time,"GoLang, JavaScript, Kubernetes, Terraform",On-site,$75/hr - $85/hr,3-5+ years,Maintain and improve existing systems focused on linear channel delivery,"Kubernetes, Terraform, Jenkins","DevOps, Problem-solving, Collaboration",N/A,"3-5+ years of SRE experience, proficiency in DevOps",Backend,https://www.linkedin.com/jobs/view/4055845683/?eBP=CwEAAAGS1zmCKSXz6St2R_tcm-aATYtrnhdGMQhxUJaoIW9WMlcFZXx1GFYy7CMjvYerLUtIxyZo62jY_9OFlCzDLEK3q4VE8XdSZZszo83rZtzQRJRKmW9bGeqYj6VURwmvJwdvC1wfVK6jtR8nx9dm8qaDbS6is6UBOXbW34fJhRIOzFg7ITW5cDT6bB6qOeV0II-QGjyObzk0LYxFf6t3zU3OM1DJYo6yHmkOpYBmlPkuAHXWVLZrDsh2pvKjPxRdFzE7GpH_fzPtzwD-1pEaV9AurMojJ9SV2sn-FNsNYNWM-TMCKBqV84v59eyP80FhFSO2oP32EbHnpx8RGKsuzuzNcKKdgtkTEdkIGwz8i1RULDVW4BLoMcTf9oPYgKlsBAZ1Lb45QPKgbSDBVgH378ce5zH-6-VTjstm7oUdiGgFEMcYsjTFTKFM3wswln1BR91RofkrDhKs54mzyropY4KJgjaexiZuGNlkUelmqEjxEBldoSjMkNrATK5OF4B9G3QuR6ym&refId=fgAdnpCuWNk0xifsu6j2Eg%3D%3D&trackingId=KMsrb2vnZJJh5HKm5RGo%2FQ%3D%3D&trk=flagship3_search_srp_jobs
Braintrust, 11-50,Full-Stack Engineer,Junior,Part-Time,"Blockchain, AI, Gaming",Remote,N/A,N/A,Convert client specifications into minimal viable products,"Modern web architecture, CI/CD","Communication, Autonomy, Quick learning",N/A,Interest or knowledge of blockchain is an asset,Full-Stack,https://www.linkedin.com/jobs/view/4059892761/?eBP=CwEAAAGS1zmCKSbkAkcd0FVeeLUvwncxN7n4Ql6eSJ6BmGqtSCPuKBTtp8wF4svZE7rLgXdGo2al4SB8f8f3f-EYpc97WmYyYM8RaJgWRtnaziwMPEOJoqvU-7SFfCfvnrMjFm_N5IQ4AQvf7FnsuP0-O3wH8jlM5YPff3dKcit3X13urSjwmv3mgkeUOvjhZLkOkqI0o8v8uQlKpmLBZ5vG7HAG3JErst5TawG061QcvUYJ-lmhXr1rTdjk8xulzCBtVr5SRl9403MpQCMyu0vWJm8elp4XGxkGNqTC1iEV7J1gJbYvpehYMPlx7oAnCkr_PEgPstLYVRJMHZQ_axmK08pj6sLwKnpRMeyXs1wxkfoCCL5b3xCt5CaN-rrG2SjVNI6dFSH9OD-MJWdMPURoXvnw-YnhdQzYRInzk4daPwoM-M14Nf7CChytpwjkY5FKt4UZZrr3TdCIoSLH-buj707WOM1QVPsnyZIXX8XOWv69c4zQ8ElzWz7UPYmQ7xjIIW2aeG_zRfg&refId=fgAdnpCuWNk0xifsu6j2Eg%3D%3D&trackingId=VOQXtekV%2BkD9Vh%2Bft9Jh%2BQ%3D%3D&trk=flagship3_search_srp_jobs
Braintrust, 11-50,C++ Developer,Junior,Full-Time,C++,Remote,N/A,Any,"Scope tasks, communicate project progress, and test implementations","Algorithms, Software Development","Problem-solving, Communication",N/A,"University degree or work experience with C++, fluent in English or German",Backend,https://www.linkedin.com/jobs/view/4055135128/?eBP=CwEAAAGS1zmCKSdd94QyAxPfUS4UXJDV1E-S9OBvxm9gDBXrUhpdPAlGmyVGHya33eTef4Hh2utEWA9IxXqywBwNWHq-wkIpQ2ekVqrKWzlH4Lhz6J62QfajK6K89fSlS3GT_JlV66_BFMBKy-EIQVGi_Qqb0MXhpucwuuc9RhHwlYBpCD2ceNmwcoj3rxlyCEAXPPGbSLzyqnrx0rq_DEqP9vNn6wfUORnM7ITQXN5HZal_rMN_OSLlXO21mUxgmyK-6HHX6upyDe2MqKlM0XAONDsuREpFDVaF5LA4mpLqnlCpmFFyju9OPRu6nXDaCAs6gjZo26i08-KiKTmdcXMKgj5Y56_V312_DUBy1RLBqV6dY_g_dY5zT_W2pr0LiRtvOQBTHNsV4iJbA5Ep4zlK6Y7tfy_rlv6yUsXM-kUrCoROoN30cI9D-lSOEqyrypRp8LszioE-CI3wTm-DndTxJcDdKDgqnid04crenal3nhM7mAaQQYns0QUGHLhy809sMfClTh0Xj3Kkkg&refId=fgAdnpCuWNk0xifsu6j2Eg%3D%3D&trackingId=pqzr8Xe7I0Ej4ahev9ByHQ%3D%3D&trk=flagship3_search_srp_jobs
Autodesk," 10,001+","Intern, Software Engineer - Geometric Reasoning",Junior,Full-Time,"Machine Learning, CAD Geometry",Hybrid,N/A,Full-time student pursuing MS or Ph.D.,Train transformer models on CAD geometry and evaluate performance,"PyTorch, TensorFlow, Keras","Programming, Machine Learning",N/A,"Understanding of machine learning, programming in Python, experience with 2D geometry",Backend,https://www.linkedin.com/jobs/view/4055388963/?eBP=CwEAAAGS1zmCKRtyYp2NK-D505ENmlRayOUfWcFlBuWV38NhcyE7LWa6ZepzWk9JYhePhcfb1f_pIGv8gdinvcwciMxWl6y6k_AnEkYKXR44_hedcMQXXTtT-mVHJRSWjRfydO45iOoJX5QIIOCuEbazp3LC7lYfY2MNSRWieNbtBzS461g6rDvy41jKZHJYxJ9ZAZ2BXxgyKbjS8gV3Z9HqK34iB59Z-jNizd2XNbBJkzYGLqMzk_MKzEPHmI9fWlbNVnzO6fZZWe-yUj_t21XWksxVULzMhdjXcIAAM1lfjiqmTnM1lH1vPg_HrOQDpi4L7n-y52lpbbfwBd0Q_q7TyhgozlbYqag8giG18SYJ6_uavIYRpCwG2L1hJBA-eb3R1HwzxDUTg3yuKRRHTE_A6g_cSY_huV5e8sQNGz3fAVXoTP0yiHm_-9_xW6d1r9nCGxnBQOMjLAhPby8_YXTj-JB2gb_SGWuhKiRfA8ZMl1uIV8VePO7CKQ4-IprxuYeACrCfPPJA&refId=fgAdnpCuWNk0xifsu6j2Eg%3D%3D&trackingId=175hRDUm0utH7Q9V5i%2BTdQ%3D%3D&trk=flagship3_search_srp_jobs
Michael Page," 5,001-10,000",C# Integration Developer,Intermediate,Full-Time,"C#, APIs",On-site,£45K/yr - £65K/yr,Experience supporting and implementing integrations,"Build, maintain, and support integrations","Cloud, SOAP, REST","Communication, Troubleshooting",N/A,"Experience with C#, knowledge of SOLID principles",Backend,https://www.linkedin.com/jobs/view/4061513207/?eBP=CwEAAAGS1zmCKTlO9fF1Ptv-w8mk7id6wJs5eRSfJe_6hWTe-VJYofqptgoX1K_D2uSZNvlTKVnyWgSLOC4kMB8i5anb7mwa8LfLLQhw1pxEwxJReAzwVHeyuAGTY9XFfBDkW77Pd564ws0tXKHgCgVJfdqRQ2W_dMpEb-Krzq7ucE3PIRHP0kadSbl-rkfw_beCyFdsfn_3KWM03G8-w1cpeSKIThms5Jr-2I5HXqW31JbYcncdNkZ4JfSnkGS5pRUeRgvTSyiug3DmyasLcQIylUMVDiIolkF_AYZXPWhJAof31jWzTW2yu1Yot_-qRyXz1MoJTyl_iU8UdIBfkEGP3bt2a9RAqiDmhNiODY-6E5bG0_8vayms1QKFlISp4RoHLQ8SvpPYIIinJ0C8IzMqNXLVJ58_ZD5EECpN5-MnOxZQYTkCyTFMP8o4ZjLPtk9dqlRUmuWDAzud6aF3ln72nDqQwVrJm093yv6S4qZkrhG_rWqDn2z2dCNSpEqTdaOne5JjaN5clVE&refId=fgAdnpCuWNk0xifsu6j2Eg%3D%3D&trackingId=0210lpgr8w%2BgWMcsdStjFA%3D%3D&trk=flagship3_search_srp_jobs
Katanox, 11-50,Backend Engineer,Intermediate,Full-Time,"Kotlin, Java, AWS, Kubernetes",On-site,£45K/yr - £65K/yr,At least 1 year,"Design, develop, and maintain high-quality backend solutions","Kotlin, AWS, Datadog","Problem-solving, Collaboration",N/A,"Experience with a JVM language, understanding of data structures and algorithms",Backend,https://www.linkedin.com/jobs/view/4056484487/?eBP=CwEAAAGS1zmCKdJGiT9ZFbhxDGAsubuFb9_drJoCtmQRIHX8kRFqsU3S4HHJO1Jl2iiMKYpi86uWUwmd0fPhdpl-OZ-JsTI8R87xeAcJ5ED3MHGAsTuGvWui6xOLZ94qOUujYx-8w4Bqe3iYahYb1XSfChSCwuxUxMLyDSKufJUNPmD-Ja7WiIvvRW8JVOtFiWVqRFiJkhe6NJN71lzU4c3XF0eh2CRXedBVMtNNHLvfh6hP8BxNcB6JRqDNhk5iYccSQLIR-dkzSI-52oxr8Z7UnYHY8Ail65oYNT6ggpWh0qjZEN_5VHF-hnIplU8I2MwfcOVKwdX8f6wAmGVxNEa4SlzPkR4kTmDz6ysJ0-ZyEPx1c7uC7GAXATI5VMg1foGqJpG3y5bvHdKaBdyhAzgW0g3072nGrvQ7J1-5IbdrW4JLPPsLnMsrLRWGWpqCNzdGkxp2Y1LtTKTbFdRZYPosq1z01zpIkBX84oDlV2vD1t6Y86LOla-K6kU&refId=fgAdnpCuWNk0xifsu6j2Eg%3D%3D&trackingId=iEsPYmBxv3DJYbmYzODYVw%3D%3D&trk=flagship3_search_srp_jobs
Michael Page," 5,001-10,000",Software Engineer,Intermediate,Part-Time,"C#, React, SQL",Remote,£55K/yr - £65K/yr,N/A,"Design, build, maintain, upgrade, and support bespoke software","C#, React, SQL, T-SQL, TypeScript, .NET Core, Azure, CI/CD, Jenkins, Azure DevOps, TeamCity, Redux","Problem-solving, team collaboration, stakeholder communication",N/A,"C# or React experience, SQL/T-SQL, API building experience, Azure knowledge, CI/CD familiarity",Backend,https://www.linkedin.com/jobs/view/4061509331/?eBP=CwEAAAGS1zmCKdRRyCohqeTkUvh03e9dkBSz6c_WZ0B1Q6kqX1V5Xr8P5OQP8mNMV3V5LHxxHNVlotxT_fMQOeIvPMPhZkqxAUTUaDWkoL_ZZDyOG204pdtMmYw_1Sv7hS9p3Hbh38Ho1gKaDnm9Z4SVB5G9d0UsvOburJz1hBspcg0MpswRWylBwCcphN94GvgXR9LAx6JUiA6S1yQT026XFzEaO-LLHGySf4lTsmJuAIwZiA7sMKjwj5raG-zbfg0l8pxvDh5SUuxvrNNKHhC5xcCUqLe8BonN4XDaVth-DzdSyNpjTzFk9Z1uvIKpnYkjrm-qu7WvcPNIQq60TvNblpfH1MiHdKeCLy8b7gJhVb6CPjCQkBuy-F_L_lNkSPfOlohq77CT_dl-XjfVasRWMJJsRXKKVdH-SHxeBSR0eHsisne7tE4H2SP3rnmN3WQk-XI3tMUhClq8A1Fgo6xxqa2ncOrnEj-bZ54KRSSf1EXDxGPUog_zuc0xx8L61KmmHVvh7T0O&refId=fgAdnpCuWNk0xifsu6j2Eg%3D%3D&trackingId=jNyzpudiy9U0HOXa1iSoCA%3D%3D&trk=flagship3_search_srp_jobs
G.R.E. Recruitment Limited, 2-10,Java Developer,Intermediate,Full-Time,"Java 8-11, Spring MVC, SQL",Hybrid,"£45,000 - £60,000",3+ years Java Development experience,Develop enterprise and SaaS solutions for the retail sector,"Java, Spring MVC, JDBC, JSON, XML, Docker, Kubernetes, AWS, Azure","Problem-solving, backend development, JavaScript frameworks",N/A,"Computer Science degree, local to Hertfordshire, passion for retail/eCommerce",Backend,https://www.linkedin.com/jobs/view/4059527175/?eBP=CwEAAAGS1zmCKdgN_l0V95XsFNPgtnrAORc65hfFP4uUgJrRU0mykZU3yqyNF00nmuXvSLBvAjWTB5TfchUFxFEMNx0wUYpd-4WZYNs40OH5rhUzqsD8zFkOPnEeq2HwAWbdY5MqUAqIpytjQYguZr1ClylVmKLQMQScRVZEUWr2hzvjphPj83D2Ig97lK5ocCkEgopIdm23CLOwz0MrEoBMnYY0ne49WgUb0ypyrGIXUtYntQukL1sulS34yw4diRGlw66g8-DUI1RiQmG6k_cqhyEWT1vsocOlbFmz4UTmx39XIQnWiHn7JwRyhlvzM7P7NHPe1IgSmGERtuebiseF7Y61IlvlAxDtYup9qQCft2kBWb2QFf2TWQykXotQNKGfG4ihrnRhty1RjCrTHD_GuL7xIufYfstyvfmq69umdZh_EA6FH18gkdX2VRL6AOHTTUHwjSfkJ1gobzLdsjxM5l3YMJHk7h_PIlgZq_7qMkEY5bBYajX1C2fK7Q&refId=fgAdnpCuWNk0xifsu6j2Eg%3D%3D&trackingId=5FI5IIbuokxrRJS1OtbMXg%3D%3D&trk=flagship3_search_srp_jobs
Trust In SODA, 11-50,Python Developer,Intermediate,Contract,"Python, C++, PHP, Hack",Remote,£292 daily - £400 daily,5+ years of software development experience,Identify and enforce solutions for access control to internal systems,"Python, C++, PHP, IAM concepts, security policy","Technical knowledge, coding, communication",N/A,"BSc in Computer Science or equivalent, experience in information security",Backend,https://www.linkedin.com/jobs/view/4055339039/?eBP=CwEAAAGS1zmCKc5K3IttgH4bpSYHulXp_jRvExgFPsbDKZ4hBarrQwcvQ8XfOjOXLiFPdFFi82vHKUMJqMDnSNSUvRGe-2v2bdWYLdI0-MWvHaz_9dDEfV-mbKGqgcOYY7lqs9OBvhq3UyOy-3OZNRSnO8-FRMaDoKwiaiL8A3-v0v0Tr62xg8ovEkviHoBfDStClCsvw4Trs3VsNrLvpBpNmz9XcCZ14aYsBhdECu5TWQBaRJoQ2BGVWqlZ8iZg4MuZ-KmT2K8EDyHu3DNZsqLkDqCQFL8f5riWiKmLBEALstK5UAJHqydeEDCp1N3SSb76Kw2CkGnUCesWK5pxXYytbhx7KdUvQS33sVFLjkeIiz4Ya79g8f-fahC5DReZO-HjfJDIQrNi1Mmo7aPgR3RWDinSwqzPCbAtKwUFS5kTO1lTMoMhknol4v68XI3A6uDkWJMA2fbhIqCLxzo8Rgf0CMsb_Ld0wIUBcm4-0pbto-xk1SJgzpbOBwCHO4xWnR2ZPyNj3kQVc2dZxQ&refId=fgAdnpCuWNk0xifsu6j2Eg%3D%3D&trackingId=1fvl5EdyIfluPrEOypi2Yw%3D%3D&trk=flagship3_search_srp_jobs
Expedia Group," 10,001+",Software Development Engineer II,Intermediate,Full-Time,"Software Engineering, Cloud",On-site,N/A,"2+ years for Bachelor's, 0-2 years for Master's",Collaborate with team members to develop and solve problems,"Agile methodologies, version control, cloud infrastructure","Problem-solving, teamwork, communication",N/A,"Bachelor's in Computer Science or equivalent, experience in software development",Backend,https://www.linkedin.com/jobs/view/4055526564/?eBP=CwEAAAGS1zoSZ_xnPx6GOn0pULyyRQFI5olbsB4GUZNmcKjhL1DpBRIANxtumE66EHAdsATLvFI1BVuoM1casWZ2ARMmi9Tc_z98H8-F3oVHubrAs16emVx3CWMzNMndBZ2sWW1NGTfARIvSRqwX9MMEUJacAF86Xn-AZoNQy3br5gJ_SRjUqvyxBsYQwqutEKRdvfwLQYXqGiwsHRLKDYCICDKV3sOP3Ln1s1ip9_YxXjs4x2plHePy1kRyaPspdYt1kD8-bd6JT_6vr_zO0XuP5wczRe0l-vr1OPX37n4u1z1gmkMYcyYOgCxLeNAB2SBYeO-_t9Hp3g7Jsalt3F4YnKtyV5ufbElyCT2zxdMmOj8YRNBoUe7H2rMyV_PFVoIdnxwsUySY-oHFr85OL5QLp7rXsJDUZoiPCqkvWUxEMkIS6cvD6uQRz3B1orT_JrsPu_ayZN-0gUkxSmKJuRxlkBCY2podcswm5_zrHJXy_LFMRqX0xHVff948IplCrJ2buKeQRnbHiQc&refId=c0eOcrWTSuTzk%2FjhNYbWGg%3D%3D&trackingId=gYBbUlS%2BkK2YN%2BS7fYGazQ%3D%3D&trk=flagship3_search_srp_jobs
Braintrust, 11-50,Full-Stack Software Engineer,Intermediate,Part-Time,"React, Next.js, TailwindCSS",Remote,N/A,N/A,Build and scale an AI-powered real estate platform,"React, Next.js, Remix, TailwindCSS, MongoDB, PostgreSQL, GCP, Docker, Jest","Problem-solving, collaboration, self-starter",N/A,"Experience with AI-driven products, SaaS expertise, full-stack development experience",Backend,https://www.linkedin.com/jobs/view/4059487685/?eBP=CwEAAAGS1zoSZ6_M95JixrrNVz58YwpEIrqWsH3RRJ5ql5lD0rlTB_tg9hpzIYuj7XbSy__w6Ui2hue5SEm9r6HGP_hBA7Yq0mMCUu5dffWjwn8KubUZvN0SO4W0d_Enx0OEehjR9kAc2Pv6gtD1ahIxVmoVuBGxe0a2gjihjRJdetK2tYOEx3tZJP6Sx3M2MpmLLr9_zkDRlUXjYN1lE7cVY3NDDFoBEZEBwkasQD7EvlYMxFHIgkU84-MPZfaTjtaRVs6DkCj_VNuXKvsn1XO4i3raYecQlsrupBOWflNVF1apigM8Bd0i18xyBSftaL4CQ__sF5DTBiZByCmdo283vlV7pxr9hC1GNXTsr0qhzQ3CE4XCUEgZNg8bFGAOGVYO7s3SiDk5vcVv1S7_xTLVfYGdhKiebt5rCQMG_BvWalin50Uq2zi2owWLPx91krXG7YdLUOIdEmADjpLgVKsqLqotCxwtz8ZltQw52ayUB2um-NVlCllX2mGgpJTCrTv0-DVENbGROokyeQ&refId=c0eOcrWTSuTzk%2FjhNYbWGg%3D%3D&trackingId=bwPq9UYgzntdqlnFhWWQKw%3D%3D&trk=flagship3_search_srp_jobs
Quinyx, 201-500,Backend Developer,Intermediate,Full-Time,"Java, Spring Boot, MongoDB, MySQL",Hybrid,N/A,Commercial experience in backend development,"Develop next-gen backend solutions for real-time, data-driven decision-making","Java, Spring Boot, MongoDB, MySQL, Apache Kafka, Docker, Kubernetes","Problem-solving, teamwork, communication",N/A,"Experience with microservices architecture, relational and NoSQL databases, Agile team experience",Backend,https://www.linkedin.com/jobs/view/4055389098/?eBP=CwEAAAGS1zoSZ-moyLRxnuclg2XyU0cJlE4xkGwQs63E8whM0jD3pG85ovpEpwiIvpi_-Q8bP4cXDnH8IHgwZdL6znMc1PtP_TazGKG_Nc5clRtpHBpPwmB26saEvGl_jyMrtsYQBm_EYRFgQhGR4erxfUq3BCehgDPVEW9SEGd_O8nHttHcn9wTzQLhRmpkdR_GskL6msX_JQVFolOFOBtrGrH2grXIW3ab7qQIGQOJD4Dzbv1KChFsCCSm5CKbCqjVkzGNbiIJ4Z3i2mnR2TZ2_UT_PKDvEy8JOXfdbo4twgHpotLBehkB4BqazMnHkF3XCvTs35E7_Ghr4tZK_jyeg0K_t_BGOisEZTUprylPdfwHS9x5V1gbtXlYwK6Dtn9qU5N8DifMiUFm5crkmqiVhL96levwveCTn8R2VSiMkyMVZsibewA4fRMSKWVDtf7k8xqE_J5X05dK0HQEjjFdRngtg73ucfWitqzAWGPAOZomTBxamYm_WbeLTsKm&refId=c0eOcrWTSuTzk%2FjhNYbWGg%3D%3D&trackingId=TT3YZ7xkhHXL4p%2B26xq6Ug%3D%3D&trk=flagship3_search_srp_jobs
Braintrust, 11-50,Back End Engineer (Python & Go),Intermediate,Full-Time,"Python, Go, Kubernetes, Kafka",Remote,N/A,N/A,"Maintain services, build new features, and keep systems operational","Python, Go, Kubernetes, Kafka, Postgres","Design patterns, system design, scalability",N/A,"Experience with testing, SOLID principles, and systems architecture",Backend,https://www.linkedin.com/jobs/view/4055131573/?eBP=CwEAAAGS1zoSZ0AMJbNujjqqstndIjEt3OzWAfqXQAX3_RMTTLMbPVP11xRCZhNHb0cVC9zeXGkGFaZyJxE3v6od-eyuviqiNyNht-sIJ45l-MDkVmRI4osqGqv-cX8_ZT2jV8n_FdmGe6_wa4BIfZ08VIBLruBF5CO_nQxMSyN3a2vPoppTKmQXbRoAZ1QD_JF3BGO9a1Q-csxhj_Hb7v0GyAHk7mSaNpu72bkWe3pNF1hgZ5Ljyal0vX8qz4mZQNoooi3QWU5YblD1PcVfkNnZYzQeHabBXiel8YH61hrrxQ9JW0NoacbSdKYBI11a6mhYLVIr7UWTsuE_jcIfiZmF9p3SOePE72KZN-mfM7raiRbYavo1m1FDUsMYkyvNSke-XPZUMYnQ2FMJ0kXXMYWJQMD0ZyDE-TfSA7gT4B9SnaNvOfvlsKWu1Y0usQt980WqJmtnwo2NzI_Y67pzjVB-hKyuhjUGtQo7M3zT9W0iCfCk1ZbtAr8lVMRI2jCE-duDje_E-_01hJ7dcywh&refId=c0eOcrWTSuTzk%2FjhNYbWGg%3D%3D&trackingId=Jk1oW%2B0yCbtctAxh%2FwoalQ%3D%3D&trk=flagship3_search_srp_jobs
abrdn," 5,001-10,000",Full Stack Engineer,Intermediate,Full-Time,"JavaScript, React, Python, Django, SQL",Hybrid,N/A,Relevant experience in front-end and server-side development,Develop and refine features for a financial education platform,"React, Python, Django, PostgreSQL, APIs","Problem-solving, teamwork, agile methodologies",N/A,"Experience in modern JavaScript, strong coding standards, collaborative mindset",Backend,https://www.linkedin.com/jobs/view/4059016681/?eBP=CwEAAAGS1zoSZ0URfck8TEM8e6lHFi5-zXx5UXFVn0xn5rQnc7die40D5SsvtGzhXdiOrwMJaF-nWIgu9T9V35641LsUuu4Kf3dZKI4FWDJ7w4sFnF8gNlepBuADm3ShiT4xUi2np-kaBWyjxW49CRf9nAlKhyDw0InqRtipEDkBL8XoM9zvqTK2UZHG9YV0v8zkIAfytG5Slb9p5-A2bBPt9DgtxCtmRUdZhSkaIKAKgbwyyZMxRvJvgDoKSaD2CFGv9pG8OMIk1dnHEL51EwMMw2BGbJPVaE4-A9dXyWpkNXsHFHv51CaXebguDjdZNwOHJxW0rtxa0bX155VMzhO9fZ8Jb-GKRnihg64bhKBONZ3ZcPRaQp4iMKZDNvnGUHEr1_d2xTB0waK2gN-jCU_hC4_ZDZDuQmVgqUZYm6sFaNiRxsNsDcz2z8OiEnWnGdPPhtqV7ooBqU-bEIUZC4wy80BNfbNbi3wShZ3-X1HptNLdrsxA_ANGPBH9vy2AKzE&refId=c0eOcrWTSuTzk%2FjhNYbWGg%3D%3D&trackingId=chO1KOQbLbBSRFN1LXtZGQ%3D%3D&trk=flagship3_search_srp_jobs
Fab Lab ABQ, 2-10,Software Developer C# .Net eCommerce,Intermediate,Full-Time,"C#, .Net, React",Hybrid,"Up to £50,000",N/A,Design and develop new features for an eCommerce platform,"C#, .Net, React, Next.js, PostgreSQL, APIs","Problem-solving, collaboration, Agile methodologies",N/A,"C# .Net experience, eCommerce background, degree in Computer Science",Backend,https://www.linkedin.com/jobs/view/4056648619/?eBP=CwEAAAGS1zshmRSQb6vZ5QCLZ5ZufNP-LDp8uHgRsQsTvlpPfKv55GyWZRiHtOUsnRTCYgmlOK7OClrN0JmofY3KRecxNlFlTZtAWXpIW5RtxZXfN_8hb5oh6L4jXJQW8eHAt3WggrATeGrJGGBEFN-MchED90ABjYeI5bQpeIj_2t55Lf4ebTHwqq0P3iMRcSCMfjszgyZBJjxURWig5jCm7QyHR84Oz9775_FQTDzfAaDoOs_h6ze_mpuWfr_wgSNvKCCHia6IRUpRl_hWZ7Vhuj1Ou1tSDowoREgnWT2lVwrEO1t5q-O7BTzVtK2kEX-2yIWDKogAsl8sP3epFUVaHyqtAKRzX94r2o82VJsf6pVqdbn7_8foj70PTFRbBj4O1YaSjhKo9gH5FHJmkjrNcY7ZtOLSOz2V8mp1a2WyP4b-ZqSVv_3pu_L1LKgZCuccRiYYHCLIzrZruuPuzXxa0lSyddW2E6lF66_w3PlNnMBN5j7ytMVT0ngiiQew&refId=SxgzlFM9t7weofVDLX8TyQ%3D%3D&trackingId=nOB5%2FyUTt%2F2kgFycaHfERw%3D%3D&trk=flagship3_search_srp_jobs
Fab Lab ABQ, 2-10,Software Engineer Full Stack C# .Net React,Intermediate,Full-Time,"C#, .Net, React, Azure",Hybrid,"Up to £65,000",N/A,"Design and develop high-quality, maintainable code for real-time trading systems","C#, .Net, React, Next.js, Azure, microservices","Problem-solving, collaboration, Agile methodologies",N/A,"C# .Net Core experience, front-end React skills, knowledge of cloud services",Backend,https://www.linkedin.com/jobs/view/4056652039/?eBP=CwEAAAGS1zshmYb4N_pdeTxmcaM83Sxfkxe08ltoBKGuCRGVZXx_1CEWfok-LGAPttOHor3vvxmVV4DJXYuUGJ3ULBOk6g4zLbUdjj2EcL1H8r8sTHNVFMRILOG7HccP0vSkSkeWeMlZQkTYX98dZvBSNomXotTCUhlekrw6Zl5oeAWUQez1wO6VYDLByJb1qPq0kfRLyY_tW4fHYjO6OpDrFwFvbojMrqyYW0d-48aD6GQF6xuhXtolcahYdZzI3cK1osz0XoanBMUjP52b2ezHXHqGCi_xtoUqDK8T5Pespl1Unr5cvz5AuYs38u-RSi5nylglVeg8yVKywnbMOmZRfIjckUe6ICG2WZJk1HyNYu39DTq9FIjEEExRZZ8q48W8MfbJGSIfrKGqRWJaZvcpFC5nI0jgvpvrI_-vG4G0ejJjAlBbEfDEFJRu6eJ5o6l1gC8uQO3xh-UXx3hLf2sLThwo_85otOn4Xtbj4WoStiJ6G_PhijhmSs3dMvEl9Ww&refId=SxgzlFM9t7weofVDLX8TyQ%3D%3D&trackingId=Kpm2%2Be6l838v5Vmny1kYJg%3D%3D&trk=flagship3_search_srp_jobs
Robert Walters Direct Sourcing EMEA, 11-50,Python Django Developer,Intermediate,Full-Time,"Python, Django, SQL",Hybrid,N/A,Strong proficiency in Python and Django,"Develop and manage database platforms, build features, and automate systems","Python, Django, SQL, Azure, Kubernetes","Problem-solving, Agile methodologies",N/A,"Experience with cloud services, microservices architecture, REST APIs",Backend,https://www.linkedin.com/jobs/view/4059019297/?eBP=CwEAAAGS1zshmd7cV0PQlWDtuYmVW_x9XmTU4TB5pEKIsqwnYxLKR-yd39XhiGgLfER_osI4K8u6RXqjeEmhTjKOAhVxOP46Wza8hZFayGR2I5MUHFnyLsUjM2jmCHq5M_CQ9A3SiMyRTQ3YjSSyidpDd76T13ZdWkvbS9zm-40qhYFRckwf7LMHedcjlDIizg23ZOvxwB9aTzzOXvfooEneVyrANeBnaDcfqlCn4WEIEW9c9J24Q_CyYcM25l_nf95GGH8LZq1hOGNoyNpdvA8tZwG-jaCLXLxmew4rFiMdT8T0cHLVVm4ra_7SjhNPFfEykkmqn0QwjrLbquLkJsOIy1LJ7sfwg0rxD0J4uwqQsTPGW06OMgijXli8qdIdWS2BOQzLBaT4w-orhfJVZucDGDvZk_Gjmla0-Q9ALWWRe87f-ncDgJWlJjX7iBHCgq-7SotsmubcP8pqqG4dDQ33vgZ-9OB-UYw4S6m8PdQpjnYahKvEaGKImXcAVg&refId=SxgzlFM9t7weofVDLX8TyQ%3D%3D&trackingId=020%2BaT5rTQ2gOQgBqPjjHQ%3D%3D&trk=flagship3_search_srp_jobs
Fab Lab ABQ, 2-10,Backend Software Engineer .Net Core AWS,Intermediate,Full-Time,"C#, .Net, AWS, React, Azure",Hybrid,"Up to £100,000",N/A,Design and develop reliable code for real-time trading systems,"C#, .Net Core, AWS, React, TypeScript, Blazor","Problem-solving, collaboration, Agile methodologies",N/A,"C# .Net Core experience, knowledge of microservices, degree in STEM",Backend,https://www.linkedin.com/jobs/view/4061926159/?eBP=CwEAAAGS1zshmcB_eLxTLCc_znJtcZr-7X39HpLGsGGS8kRi3jdtUZVxtXUtej0XilLMur283jVyhJPiTdck4CdPg7ZKbBnD7PoIRwnRcrK30wfTAUrndNFW1wQRzBu-zgwUJBzwJnx1DASm8i294BcpY4Edi41NGWZOY6i4luaZjKzqVjtxemUq7HWL4t5cm2aEvsKegbquvpKwhYjMQ694HLyptakfCJVlIdLLxT5VDaO1baTZoRP2fbx1aUt3xGhGRqbu4xbe4BEUE-W6KW0H45cPDiG749LpPaCPU3zBrq1Pp1F9QGtWQI2deldcKzlsnrIUKoTgdQXILWV63EySJjqHxG99iqWp8n6so_XGBKU_v_mP6hKGZ467fUkTxSlUJocxAvCfcCxLyRljNOiWcN1bmr68jHewDMslpRJetzbXQhAODJDHv7a_th601sFpOUt68O7GBdxUP2f9JvaOSwZrlj0I7kxC2p_a401H0UcSBVsnj4-DyToy1J-bynY&refId=SxgzlFM9t7weofVDLX8TyQ%3D%3D&trackingId=9T3usAHkrPDaOghaHPg3iA%3D%3D&trk=flagship3_search_srp_jobs
Fonoa, 51-200,Full Stack Engineer,Intermediate,Full-Time,"Node.js, Go, ReactJS, TypeScript, PostgreSQL, AWS, Azure",Hybrid,"Up to £100,000",N/A,Build and maintain scalable tax automation products using APIs,"Node.js, Go, ReactJS, TypeScript, PostgreSQL, Kubernetes","Problem-solving, collaboration, Agile methodologies",N/A,"Strong C# skills, knowledge of AWS and Kubernetes, degree in STEM",Full-Stack,https://www.linkedin.com/jobs/view/4054952438/?eBP=CwEAAAGS1zshmVVVHal0iPjjo3Scvm0TwpU6X_dZOqSKh1PN9D9v6KMXfnt3esCYiQ5Loenm89xaax8o5KTKwnZZs7Fzq3SxN3sF3NDzPJbJQPd3eB-A64wwjsJK7yUbp_7KWCSNTMw4aGfPAfICmeEqxDB11BlLXug2-mJaF39YR2mVC2_ejsBxhHHiBvc23loJ_EunxiWo3hOenCXIiYPYwjAekY6JGdDF1uPj3EAysOTrE9W-BoMDg9NvFcUAahM8A0E1BFL9ZVZf5o7fsJygye8Id7CDPilxIyGKNtl5ON6bdf9UJfwuPpbm_Km2GHsIaCKaKr8de5CZejOwqp2Ka6_80a-zI0nOPvPsUrYZQwJIx9RseVGS0E7SQzktXidZr1AMqSMKTz13ef9Lm0M5A-oeoAfsUvE0_5Y4jMEL-pLYpQLo4ZgZm8XhM1hdyobEt4sdTBtwDN6_DOHKum691ifljVl9iVPDf8aw3n9neoGRlkDgS6UeZZ1dgIy0wKk&refId=SxgzlFM9t7weofVDLX8TyQ%3D%3D&trackingId=kk9drbETzudtvK%2FycYAcww%3D%3D&trk=flagship3_search_srp_jobs